,data_collected_date,channel_id,channel_title,channel_description,channel_keywords,channel_trackingAnalyticAccountId,channel_unsubscribedTrailer,channel_customUrl,channel_publishedAt,channel_defaultLanguage,channel_country,channel_viewCount,channel_subscriberCount,channel_hiddenSubscriberCount,channel_videoCount,channel_status_madeForKids,channel_localized_title,channel_localized_description,channel_localizations_title,channel_localizations_description,channel_uploads_playlist_id
0,2024-10-26,UCqs3pijNrYHZCdl_HGfgTQw,Go Went Go,"à¸Šà¸·à¹ˆà¸­â€‹à¸šà¸²à¸ªâ€‹à¸„à¸£à¸±à¸šâ€‹ à¸Šà¸­à¸šà¹€à¸”à¸´à¸™à¸—à¸²à¸‡â€‹ à¸Šà¸­à¸šà¸–à¹ˆà¸²à¸¢à¸£à¸¹à¸›â€‹ à¸Šà¸­à¸šà¸—à¸³à¸§à¸µà¸”à¸µà¹‚à¸­â€‹ à¸Šà¸­à¸šà¸¥à¸­à¸‡à¸­à¸°à¹„à¸£à¹ƒà¸«à¸¡à¹ˆâ€‹à¹†â€‹ à¸­à¸¢à¸²à¸à¹„à¸›à¹€à¸—à¸µà¹ˆà¸¢à¸§à¸£à¸­à¸šà¹‚à¸¥à¸à¸à¹ˆà¸­à¸™à¹à¸à¹ˆâ€‹ Channel à¸™à¸µà¹‰à¹€à¸¥à¸¢à¹€à¸›à¹‡à¸™à¸šà¸±à¸™à¸—à¸¶à¸à¸à¸²à¸£à¹€à¸”à¸´à¸™à¸—à¸²à¸‡à¸—à¸µà¹ˆà¹€à¸£à¸²à¹€à¸­à¸²à¸¡à¸²à¹à¸Šà¸£à¹Œà¸à¸±à¸šà¸—à¸¸à¸à¸„à¸™â€‹

Goâ€‹ Wentâ€‹ Go à¸„à¸·à¸­â€‹ à¹€à¸”à¸´à¸™à¸—à¸²à¸‡ à¹€à¸§à¹‰à¸™â€‹ à¹à¸¥à¸°à¸à¸¥à¸±à¸šà¹„à¸›à¹€à¸”à¸´à¸™à¸—à¸²à¸‡à¹ƒà¸«à¸¡à¹ˆ","""go went go"" ""à¸šà¸²à¸ª go went go"" gowentgo travel",,,@gowentgo,2017-10-07T11:22:35Z,th,TH,279435839,1490000,0,614,0.0,"""Go Went Go""","""\u0e0a\u0e37\u0e48\u0e2d\u200b\u0e1a\u0e32\u0e2a\u200b\u0e04\u0e23\u0e31\u0e1a\u200b \u0e0a\u0e2d\u0e1a\u0e40\u0e14\u0e34\u0e19\u0e17\u0e32\u0e07\u200b \u0e0a\u0e2d\u0e1a\u0e16\u0e48\u0e32\u0e22\u0e23\u0e39\u0e1b\u200b \u0e0a\u0e2d\u0e1a\u0e17\u0e33\u0e27\u0e35\u0e14\u0e35\u0e42\u0e2d\u200b \u0e0a\u0e2d\u0e1a\u0e25\u0e2d\u0e07\u0e2d\u0e30\u0e44\u0e23\u0e43\u0e2b\u0e21\u0e48\u200b\u0e46\u200b \u0e2d\u0e22\u0e32\u0e01\u0e44\u0e1b\u0e40\u0e17\u0e35\u0e48\u0e22\u0e27\u0e23\u0e2d\u0e1a\u0e42\u0e25\u0e01\u0e01\u0e48\u0e2d\u0e19\u0e41\u0e01\u0e48\u200b Channel \u0e19\u0e35\u0e49\u0e40\u0e25\u0e22\u0e40\u0e1b\u0e47\u0e19\u0e1a\u0e31\u0e19\u0e17\u0e36\u0e01\u0e01\u0e32\u0e23\u0e40\u0e14\u0e34\u0e19\u0e17\u0e32\u0e07\u0e17\u0e35\u0e48\u0e40\u0e23\u0e32\u0e40\u0e2d\u0e32\u0e21\u0e32\u0e41\u0e0a\u0e23\u0e4c\u0e01\u0e31\u0e1a\u0e17\u0e38\u0e01\u0e04\u0e19\u200b\n\nGo\u200b Went\u200b Go \u0e04\u0e37\u0e2d\u200b \u0e40\u0e14\u0e34\u0e19\u0e17\u0e32\u0e07 \u0e40\u0e27\u0e49\u0e19\u200b \u0e41\u0e25\u0e30\u0e01\u0e25\u0e31\u0e1a\u0e44\u0e1b\u0e40\u0e14\u0e34\u0e19\u0e17\u0e32\u0e07\u0e43\u0e2b\u0e21\u0e48""",,,UUqs3pijNrYHZCdl_HGfgTQw
1,2024-10-26,UCPNfoYdMopKZKlaTB92g-QQ,å°å”TV,"å°å”TVï¼Œè¿™æ˜¯åŒ—äº¬å°å”çš„å¦å¤–ä¸€ä¸ªé¢‘é“ï¼Œ""åŒ—åŒ""çš„ä¸€ä¸ªå­å“ç‰Œå’Œå…„å¼Ÿé¢‘é“ï¼Œè¿™é‡Œæ²¡æœ‰LGBTå†…å®¹ï¼Œæˆ‘çš„ç›®æ ‡æ˜¯å¯»æ‰¾é€‚åˆè‡ªå·±çš„å…»è€åŸå¸‚ï¼Œæˆ‘è®¡åˆ’èµ°éä¸­å›½çš„å¤§å°åŸå¸‚ï¼Œè®°å½•å½“åœ°é£åœŸäººæƒ…å’Œå›½å®¶å˜è¿ï¼Œè§è¯è¿™ä¸ªå¤§æ—¶ä»£çš„å‘å±•ï¼ŒåŒæ—¶ä¹Ÿå»çœ‹çœ‹å„ä¸ªåœ°æ–¹çš„æˆ¿åœ°äº§ï¼Œåˆé€‚æ—¶æœºæˆ‘ä¼šä¹°ä¸€å¥—å±äºè‡ªå·±çš„æˆ¿å®šå±…ä¸‹æ¥ã€‚æ²¹ç®¡æ˜¯å°å”TVçš„é¦–å‘å¹³å°ã€‚",ç¤¾ä¼šåº•å±‚ ç¤¾ä¼šç™¾æ€ çºªå® çºªå½•ç‰‡ æ—…è¡Œ,,,@xiaoshu,2019-04-16T04:32:56Z,,JP,69821841,273000,0,360,0.0,"""\u5c0f\u53d4TV""","""\u5c0f\u53d4TV\uff0c\u8fd9\u662f\u5317\u4eac\u5c0f\u53d4\u7684\u53e6\u5916\u4e00\u4e2a\u9891\u9053\uff0c\""\u5317\u540c\""\u7684\u4e00\u4e2a\u5b50\u54c1\u724c\u548c\u5144\u5f1f\u9891\u9053\uff0c\u8fd9\u91cc\u6ca1\u6709LGBT\u5185\u5bb9\uff0c\u6211\u7684\u76ee\u6807\u662f\u5bfb\u627e\u9002\u5408\u81ea\u5df1\u7684\u517b\u8001\u57ce\u5e02\uff0c\u6211\u8ba1\u5212\u8d70\u904d\u4e2d\u56fd\u7684\u5927\u5c0f\u57ce\u5e02\uff0c\u8bb0\u5f55\u5f53\u5730\u98ce\u571f\u4eba\u60c5\u548c\u56fd\u5bb6\u53d8\u8fc1\uff0c\u89c1\u8bc1\u8fd9\u4e2a\u5927\u65f6\u4ee3\u7684\u53d1\u5c55\uff0c\u540c\u65f6\u4e5f\u53bb\u770b\u770b\u5404\u4e2a\u5730\u65b9\u7684\u623f\u5730\u4ea7\uff0c\u5408\u9002\u65f6\u673a\u6211\u4f1a\u4e70\u4e00\u5957\u5c5e\u4e8e\u81ea\u5df1\u7684\u623f\u5b9a\u5c45\u4e0b\u6765\u3002\u6cb9\u7ba1\u662f\u5c0f\u53d4TV\u7684\u9996\u53d1\u5e73\u53f0\u3002""",,,UUPNfoYdMopKZKlaTB92g-QQ
2,2024-10-26,UC57J3B28hGWBb4FIwgBIavw,BANJO_RON TV,"The Simple Man
https://www.facebook.com/recibe.ron 

WELCOME TO MY ROADTRIP CHANNEL!
HELLO EVERYONE I AM RON REGALADO RECIBE FROM PROVINCE OF AKLAN....

SOME OF MY CONTENTS IN MY CHANNEL ARE  SHOWING SOME BEAUTIFUL PLACES  HERE IN MACAO,AKLAN PHILIPPINES AND DIFFERENT  PLACES...
HOPE YOU ENJOY WATCHING, DON'T FORGET TO LIKE, COMMENT,SUBSCRIBE AND HIT THE NOTIFICATION BELL FOR MORE UPDATES, THANK YOU EVERYONE!!!

My FB account 
https://www.facebook.com/recibe.ron?mibextid=ZbWKwL",,,,@banjo_rontv,2015-10-18T12:21:04Z,,PH,22964079,101000,0,1631,,"""BANJO_RON TV""","""The Simple Man\nhttps://www.facebook.com/recibe.ron \n\nWELCOME TO MY ROADTRIP CHANNEL!\nHELLO EVERYONE I AM RON REGALADO RECIBE FROM PROVINCE OF AKLAN....\n\nSOME OF MY CONTENTS IN MY CHANNEL ARE  SHOWING SOME BEAUTIFUL PLACES  HERE IN MACAO,AKLAN PHILIPPINES AND DIFFERENT  PLACES...\nHOPE YOU ENJOY WATCHING, DON'T FORGET TO LIKE, COMMENT,SUBSCRIBE AND HIT THE NOTIFICATION BELL FOR MORE UPDATES, THANK YOU EVERYONE!!!\n\nMy FB account \nhttps://www.facebook.com/recibe.ron?mibextid=ZbWKwL""",,,UU57J3B28hGWBb4FIwgBIavw
3,2024-10-26,UCw2HijSXlJOfDKTdNLuHcoQ,Yummy Oliver,"Yummy food & Happy life~
 Sharing & Giving - the best~

æ‰€æœ‰å½±ç‰‡è³‡è¨Šï¼Œ å‡å±¬æ–¼Yummy Oliver ç‰ˆæ¬ŠæŒæœ‰äººï¼Œ è€Œä¸”å— ç‰ˆæ¬Šä¿è­·ï¼Œ æœªç¶“è¨±å¯ åš´ç¦æ­¢è½‰è¼‰ç™¼æ”¾ ã€‚
","çš®è„†çˆ†æ± ""æ–°å¼·è¨˜ç‡’è‡˜é£¯åº— ä½æ•¦"" ""street food"" é¦™æ¸¯ç¾é£Ÿ Super Juicy è¶…ç´šç„¡æ•µè„†çš®çˆ†æ±ç‡’éµ é«˜è³ªç‡’éµé£¯ é¦™æ¸¯ç‡’è‡˜ #ç´…è…¸åˆ‡å‰²æŠ€å·§ #ç‡’è±¬ å‰ç‡’åˆ‡å‰²æŠ€å·§ ä¸Šæµ·è¡—ç¬¬ä¸€äºº çˆ†æ± æ–°é®®å‡ºçˆè„†çš®çˆ†æ±ç‡’éµ é½’ç•™é¦™ å·¥æ¬²å–„å…¶äº‹ bbq è„†çš®ç‡’ä¹³è±¬ ç‡’è…©ä»” ç‡’è‚‰ å‰ç‡’ æ²¹é›ç¯‡ é¦™æ¸¯ #Jordan #MeatStall #ä¹³é´¿ Roastedduck Pigeon CrispyPorkbelly delicious yummy RoastSucklingPig BBQPork dimsum ä½æ•¦ recipe cooking é˜¿çˆºç‡’å‘³ ""yummy oliver"" ""#è±¬è‚‰ #é·„è‚‰ #éºµæ¢ #é€²é£Ÿ"" å®‰æ³°ç‡’è‡˜å®¶",,,@yummyoliver,2020-05-25T15:43:05.705396Z,,HK,116472918,188000,0,5419,,"""Yummy Oliver""","""Yummy food & Happy life~\n Sharing & Giving - the best~\n\n\u6240\u6709\u5f71\u7247\u8cc7\u8a0a\uff0c \u5747\u5c6c\u65bcYummy Oliver \u7248\u6b0a\u6301\u6709\u4eba\uff0c \u800c\u4e14\u53d7 \u7248\u6b0a\u4fdd\u8b77\uff0c \u672a\u7d93\u8a31\u53ef \u56b4\u7981\u6b62\u8f49\u8f09\u767c\u653e \u3002\n""",,,UUw2HijSXlJOfDKTdNLuHcoQ
4,2024-10-26,UCBwfrMS785JyWDUBRhOQkjw,Karenly :,Iâ€™m the girl in TECH with you.,Tech Gadget Karen hongkong cantonese unbox review karenly ç§‘æŠ€ æ ¼åƒ¹ è©•æ¸¬ è€³æ©Ÿ å®¶é›» iphone æ‰‹æ©Ÿ æŒ‰æ‘©æ¤… çœŸç„¡ç·šè€³æ©Ÿ é¢¨ç­’ é›»ç«¶æ¤… Mac Studio äººé«”å·¥å­¸æ¤… ç™¼ä½ˆæœƒ å¯¬é » Router è·¯ç”±å™¨ æ‰‹æé›»è…¦ æ–‡æ›¸æ©Ÿ Sony Apple Samsung å°¿è¢‹ å‹•æ¼«ç¯€ æƒåœ°æ©Ÿæ¢°äºº æ‹–åœ°æ©Ÿæ¢°äºº æƒåœ°æ©Ÿå™¨äºº æ‹–åœ°æ©Ÿå™¨äºº æ‘ºæ©Ÿ è—ç‰™ éŸ³è‰² å……é›» å¦‚æœé¢¨ä¿‚ä½  minipc é›»è¦– SSD USB-C Type-C é¢¨æ‰‡ Asus éµç›¤ çœ¼é¡ ç”Ÿé«® å‚³è ç”·å£« HomeKit TWS é™å™ª æ‹–æ¿ Gaming Laptop å¾ªç’°æ‰‡ Galaxy Wi-Fi Speaker MacBook i9 æŠ•å½±æ©Ÿ AirPlay WWDC iOS,,,@karenly,2022-12-29T15:31:00.955473Z,,HK,8899960,113000,0,128,0.0,"""Karenly :""","""I\u2019m the girl in TECH with you.""",,,UUBwfrMS785JyWDUBRhOQkjw
5,2024-10-26,UCS6NQEJvdQhkekKaDtCa8ag,é€€ä¼‘äº† åƒé£ä¸€æ ·è‡ªç”±,"ğŸæœ¬æ˜¯æ–‡ç§‘å°å¥³å­, å¹´æ–¹21æ±‚å­¸å¾·åœ‹, 30å‡ºé ­ç§»å±…åŠ æ‹¿å¤§, å…¥éŒ¯è¡Œæˆç‚ºITå¥³æ¼¢å­, 25å¹´æ‹¼æ®º, ä¸€æ—¥è¦ºé†’, æœæ–­æå‰é€€ä¼‘å‘Šåˆ¥è·å ´,  æ®æ®è¡£è¢–ä¸å¸¶èµ°ä¸€ç‰‡é›²å½©,  åªç‚ºå°‹æ‰¾è©©å’Œé æ–¹ (å†™äº: 2023-9-23, é€€ä¼‘ç¬¬ä¸€å¤©)","""é€€ä¼‘äº† åƒé£ä¸€æ ·è‡ªç”±"" é€€ä¼‘äº†åƒé£ä¸€æ ·è‡ªç”± åŠ æ‹¿å¤§ç”Ÿæ´» çº½çº¦æ›¼å“ˆé¡¿æ—…å±… å¤šä¼¦å¤š çº½çº¦ çº½çº¦æ›¼å“ˆé¡¿ çº½çº¦vlog çº½çº¦æ—…æ¸¸vlog å¤šä¼¦å¤švlog å¤šä¼¦å¤šæ—…æ¸¸ åŠ å‹’æ¯”æµ·æ—…æ¸¸ å›å›½",,,@freelikewind,2023-06-18T05:14:44.438293Z,,CA,3168122,18600,0,87,0.0,"""\u9000\u4f11\u4e86 \u50cf\u98ce\u4e00\u6837\u81ea\u7531""","""\ud83c\udf41\u672c\u662f\u6587\u79d1\u5c0f\u5973\u5b50, \u5e74\u65b921\u6c42\u5b78\u5fb7\u570b, 30\u51fa\u982d\u79fb\u5c45\u52a0\u62ff\u5927, \u5165\u932f\u884c\u6210\u70baIT\u5973\u6f22\u5b50, 25\u5e74\u62fc\u6bba, \u4e00\u65e5\u89ba\u9192, \u679c\u65ad\u63d0\u524d\u9000\u4f11\u544a\u5225\u8077\u5834,  \u63ee\u63ee\u8863\u8896\u4e0d\u5e36\u8d70\u4e00\u7247\u96f2\u5f69,  \u53ea\u70ba\u5c0b\u627e\u8a69\u548c\u9060\u65b9 (\u5199\u4e8e: 2023-9-23, \u9000\u4f11\u7b2c\u4e00\u5929)""",,,UUS6NQEJvdQhkekKaDtCa8ag
6,2024-10-26,UCDujHU0ghJw0WJt6hUTs5dg,Ğ¾Ğ»ĞµĞ¶ĞºĞ°,"ĞŸÑ€Ğ¸Ğ²ĞµÑ‚.
ĞœĞµĞ½Ñ Ğ·Ğ¾Ğ²ÑƒÑ‚ ĞĞ»ĞµĞ³ ĞĞ½Ñ‚Ğ¾Ğ½ĞµĞ½ĞºĞ¾.
ĞŸĞ¾Ñ Ğ¿Ğ¾Ğ´ Ğ¿ÑĞµĞ²Ğ´Ğ¾Ğ½Ğ¸Ğ¼Ğ¾Ğ¼ 1501.
Ğ¡Ğ½Ğ¸Ğ¼Ğ°Ñ Ğ¿Ğ¾Ğ´ Ğ½Ğ¸ĞºĞ¾Ğ¼ Singantol / Ğ¡Ğ¸Ğ½Ğ³Ğ°Ğ½Ñ‚Ğ¾Ğ».
ĞŸĞ¾Ñ, Ğ»ÑĞ±Ğ»Ñ ÑĞµÑ€Ğ¸Ğ°Ğ»Ñ‹, Ğ¸Ğ½Ñ„Ğ°Ğ½Ñ‚Ğ¸Ğ»ÑŒĞ½Ğ¸Ñ‡Ğ°Ñ.
Ğ Ğ°Ğ½ÑŒÑˆĞµ ÑĞ½Ğ¸Ğ¼Ğ°Ğ» Ğ½Ğ° ĞºĞ°Ğ½Ğ°Ğ» ĞĞ.


","""Ğ°Ğ½Ñ‚Ğ¾Ğ½ĞµĞ½ĞºĞ¾ Ğ¾Ğ»ĞµĞ³"" Ğ°Ğ¾ ao ""antonenko oleg"" ÑĞ¸Ğ½Ğ³Ğ°Ğ½Ñ‚Ğ¾Ğ» singantol Ğ¾Ğ»ĞµĞ¶ĞºĞ°",,,@singantol,2020-05-31T21:21:42.270419Z,,RU,9926977,169000,0,133,,"""\u043e\u043b\u0435\u0436\u043a\u0430""","""\u041f\u0440\u0438\u0432\u0435\u0442.\n\u041c\u0435\u043d\u044f \u0437\u043e\u0432\u0443\u0442 \u041e\u043b\u0435\u0433 \u0410\u043d\u0442\u043e\u043d\u0435\u043d\u043a\u043e.\n\u041f\u043e\u044e \u043f\u043e\u0434 \u043f\u0441\u0435\u0432\u0434\u043e\u043d\u0438\u043c\u043e\u043c 1501.\n\u0421\u043d\u0438\u043c\u0430\u044e \u043f\u043e\u0434 \u043d\u0438\u043a\u043e\u043c Singantol / \u0421\u0438\u043d\u0433\u0430\u043d\u0442\u043e\u043b.\n\u041f\u043e\u044e, \u043b\u044e\u0431\u043b\u044e \u0441\u0435\u0440\u0438\u0430\u043b\u044b, \u0438\u043d\u0444\u0430\u043d\u0442\u0438\u043b\u044c\u043d\u0438\u0447\u0430\u044e.\n\u0420\u0430\u043d\u044c\u0448\u0435 \u0441\u043d\u0438\u043c\u0430\u043b \u043d\u0430 \u043a\u0430\u043d\u0430\u043b \u0410\u041e.\n\n\n""",,,UUDujHU0ghJw0WJt6hUTs5dg
7,2024-10-26,UCdiSxwLEdWZA-uu80bwTEVA,Walking in Hong Kong,WALKING one street / footpath / alley / park / promenade / trail / public transport at a time IN HONG KONG and beyond ğŸ‡­ğŸ‡°ğŸ‡µğŸ‡­ğŸ‡®ğŸ‡©ğŸ‡²ğŸ‡´ğŸ‡¯ğŸ‡µğŸ‡¹ğŸ‡­,,,,@walkinginhongkong,2021-11-03T07:59:55.368931Z,,HK,1486105,8010,0,213,,"""Walking in Hong Kong""","""WALKING one street / footpath / alley / park / promenade / trail / public transport at a time IN HONG KONG and beyond \ud83c\udded\ud83c\uddf0\ud83c\uddf5\ud83c\udded\ud83c\uddee\ud83c\udde9\ud83c\uddf2\ud83c\uddf4\ud83c\uddef\ud83c\uddf5\ud83c\uddf9\ud83c\udded""",,,UUdiSxwLEdWZA-uu80bwTEVA
8,2024-10-26,UCkRSiNm9lM7SaboZQtosv5Q,æˆ‘æ˜¯Jerry,"å¤§å®¶å¥½æˆ‘ä¿‚Jerry ï¼å–ºå‘¢åº¦åˆ†äº«é¦™æ¸¯åœ°é“ç¾é£Ÿã€‚
æˆ‘åšå˜…videoä¸»è¦æ˜¯ç¾é£Ÿäººç‰©ç´€éŒ„ç‰‡ã€‚
é¤å»³æœ‰èˆˆè¶£åˆä½œä¸å¦¨IGè¯çµ¡æˆ‘ï¼Œåˆæˆ–è€…emailä¿¾æˆ‘ã€‚
Please subscribe to my channel if you like my videos.
Contact me: jmakitchen@163.com","""Chinese food"" ""chinese cooking"" ""cantonese cooking"" ""chinese language"" ""chinese cuisine"" ""hong kong food recipe"" JMAKitchen ""Jerry Cooking"" Jerry é¦™æ¸¯ç¾é£Ÿ é£Ÿè­œ é¦™æ¸¯YouTuber æˆ‘ä¿‚Jerry cantonese ç²µèª å»£æ±è©± ""Food Documentary"" é¦™æ¸¯ç¾é£Ÿç´€éŒ„ç‰‡ é¤å»³ç´€éŒ„ç‰‡ æˆ‘æ˜¯Jerry ""Jerry Ma"" ç¾é£Ÿä»‹ç´¹",,,@hkjerry,2019-12-09T17:47:39.714738Z,,HK,3498169,35500,0,173,0.0,"""\u6211\u662fJerry""","""\u5927\u5bb6\u597d\u6211\u4fc2Jerry \uff01\u55ba\u5462\u5ea6\u5206\u4eab\u9999\u6e2f\u5730\u9053\u7f8e\u98df\u3002\n\u6211\u505a\u5605video\u4e3b\u8981\u662f\u7f8e\u98df\u4eba\u7269\u7d00\u9304\u7247\u3002\n\u9910\u5ef3\u6709\u8208\u8da3\u5408\u4f5c\u4e0d\u59a8IG\u806f\u7d61\u6211\uff0c\u53c8\u6216\u8005email\u4ffe\u6211\u3002\nPlease subscribe to my channel if you like my videos.\nContact me: jmakitchen@163.com""",,,UUkRSiNm9lM7SaboZQtosv5Q
9,2024-10-26,UC2fcT64VbKVs_BkRqtccfVg,New Beauty çœ¼è¢‹æ¬Šå¨,,,,,@newbeauty5556,2021-02-11T06:09:18.480625Z,,,8218123,306,0,108,,"""New Beauty \u773c\u888b\u6b0a\u5a01""","""""",,,UU2fcT64VbKVs_BkRqtccfVg
10,2024-10-26,UCvHL1J-QJCW85g9eAEjb7AA,å¹¸ç¦ç”·,ç”Ÿæ´»é«”é©—é–‹å¿ƒåˆ†äº« ç™¼æ”¾æ­£èƒ½é‡ æ„›æ‹æ”æ„›å‰ªæ¥ å¸Œæœ›å¤§å®¶ç‡å¾—é–‹å¿ƒ æˆ‘å°±é–‹å¿ƒğŸ˜ æƒ³è¯çµ¡æˆ‘å˜…æœ‹å‹ å¯ä»¥ivanchongcmy@yahoo.com.hk,,,,@happymanhk,2008-12-11T17:26:52Z,,HK,16047256,70800,0,341,,"""\u5e78\u798f\u7537""","""\u751f\u6d3b\u9ad4\u9a57\u958b\u5fc3\u5206\u4eab \u767c\u653e\u6b63\u80fd\u91cf \u611b\u62cd\u651d\u611b\u526a\u63a5 \u5e0c\u671b\u5927\u5bb6\u7747\u5f97\u958b\u5fc3 \u6211\u5c31\u958b\u5fc3\ud83d\ude01 \u60f3\u806f\u7d61\u6211\u5605\u670b\u53cb \u53ef\u4ee5ivanchongcmy@yahoo.com.hk""",,,UUvHL1J-QJCW85g9eAEjb7AA
11,2024-10-26,UCa1d9ZXVMU0BZQRXZHt8Cpw,Mill MILK,"Mill MILKï¼Œä¸€å€‹ç‡Ÿé¤Šè±å¯Œå®¹æ˜“æ¶ˆåŒ–çš„å¹³å°ã€‚

æˆ‘å€‘ç´®æ ¹é¦™æ¸¯ï¼Œç©¿éå¤§è¡—å°å··ï¼Œæ“’é«˜æ“’ä½ï¼Œæ´æ‚‰åŸå¸‚è„ˆæï¼Œå‘ˆç¾åŸæ±åŸå‘³çš„é¦™æ¸¯åœ°ï¼Œç‚ºé€™åŸå¸‚çš„æ¯å€‹äººè£œå……é¤Šä»½ã€‚

é¦™æ¸¯åœ°ç”Ÿï¼Œé¦™æ¸¯åœ°æ´»ã€‚

ä¸€èˆ¬æŸ¥è©¢ï¼šhello@mill-milk.com
æ¥­å‹™æŸ¥è©¢ï¼šsales@mill-milk.com

åœ°å€ : æŸ´ç£å˜‰æ¥­è¡—12è™Ÿç™¾æ¨‚é–€å¤§å»ˆ3æ¨“

","mm ""mill milk"" millmilk ""mm mill milk"" ""mm millmilk""",,,@mm.millmilk,2021-09-07T10:29:36.170577Z,,HK,323976798,884000,0,1019,0.0,"""Mill MILK""","""Mill MILK\uff0c\u4e00\u500b\u71df\u990a\u8c50\u5bcc\u5bb9\u6613\u6d88\u5316\u7684\u5e73\u53f0\u3002\n\n\u6211\u5011\u7d2e\u6839\u9999\u6e2f\uff0c\u7a7f\u904e\u5927\u8857\u5c0f\u5df7\uff0c\u64d2\u9ad8\u64d2\u4f4e\uff0c\u6d1e\u6089\u57ce\u5e02\u8108\u640f\uff0c\u5448\u73fe\u539f\u6c41\u539f\u5473\u7684\u9999\u6e2f\u5730\uff0c\u70ba\u9019\u57ce\u5e02\u7684\u6bcf\u500b\u4eba\u88dc\u5145\u990a\u4efd\u3002\n\n\u9999\u6e2f\u5730\u751f\uff0c\u9999\u6e2f\u5730\u6d3b\u3002\n\n\u4e00\u822c\u67e5\u8a62\uff1ahello@mill-milk.com\n\u696d\u52d9\u67e5\u8a62\uff1asales@mill-milk.com\n\n\u5730\u5740 : \u67f4\u7063\u5609\u696d\u885712\u865f\u767e\u6a02\u9580\u5927\u5ec83\u6a13\n\n""",,,UUa1d9ZXVMU0BZQRXZHt8Cpw
12,2024-10-26,UCAlVuubC3GE6kFFeNBEkoUQ,å±éšªäººç‰©2.0,"æ¯å®—æ¡ˆä»¶èƒŒå¾Œéƒ½æœ‰ä¸€å€‹éŒ¯ç¶œè¤‡é›œçš„æ•…äº‹ï¼Œå½±éŸ¿çš„é™¤äº†ç•¶äº‹äººï¼Œå¾€å¾€é‚„æœ‰ç„¡æ•¸å€‹å®¶åº­ã€‚

ä½œç‚ºä¸€å€‹åˆ‘äº‹æ¡ˆå¾‹å¸«ï¼Œå¿…é ˆå°å¾—ä½å¤©åœ°è‰¯å¿ƒï¼Œå› ç‚ºå¦‚æœä½ æœªç›¡è²¬ï¼Œç•¶äº‹äººå¯èƒ½è¦è’™å—å†¤ç„ï¼Œä¸å¹¸è€…ç”šè‡³ä¸€ä¸–è¦åœ¨ç„ä¸­åº¦éã€‚

æˆ‘ç›¸ä¿¡èˆ‰é ­ä¸‰å°ºæœ‰ç¥æ˜ï¼Œå¤©ç¶²æ¢æ¢ï¼Œç–è€Œä¸æ¼ã€‚

è¶ä½è¨˜æ†¶ä»çŒ¶æ–°ï¼Œæˆ‘å¸Œæœ›ç‚ºæ›¾ç¶“åƒèˆ‡çš„æ¡ˆä»¶ä½œä¸€å€‹æ°¸ä¹…çš„ç´€éŒ„ã€‚

è®“æˆ‘å€‘ä¸€èµ·å»å›æ†¶æ¡ˆä»¶èƒŒå¾Œçš„æ•…äº‹ï¼Œäº¦è®“æˆ‘å€‘å»æ¢ç´¢ã€å»æ€è€ƒäººæ€§çš„å¼±é»ã€‚
",ç¿éœæ™¶ å±éšªäººç‰©,,,@dangerousperson2.0,2023-09-11T17:10:52.560717Z,zh-HK,HK,27811075,288000,0,123,0.0,"""\u5371\u96aa\u4eba\u72692.0""","""\u6bcf\u5b97\u6848\u4ef6\u80cc\u5f8c\u90fd\u6709\u4e00\u500b\u932f\u7d9c\u8907\u96dc\u7684\u6545\u4e8b\uff0c\u5f71\u97ff\u7684\u9664\u4e86\u7576\u4e8b\u4eba\uff0c\u5f80\u5f80\u9084\u6709\u7121\u6578\u500b\u5bb6\u5ead\u3002\n\n\u4f5c\u70ba\u4e00\u500b\u5211\u4e8b\u6848\u5f8b\u5e2b\uff0c\u5fc5\u9808\u5c0d\u5f97\u4f4f\u5929\u5730\u826f\u5fc3\uff0c\u56e0\u70ba\u5982\u679c\u4f60\u672a\u76e1\u8cac\uff0c\u7576\u4e8b\u4eba\u53ef\u80fd\u8981\u8499\u53d7\u51a4\u7344\uff0c\u4e0d\u5e78\u8005\u751a\u81f3\u4e00\u4e16\u8981\u5728\u7344\u4e2d\u5ea6\u904e\u3002\n\n\u6211\u76f8\u4fe1\u8209\u982d\u4e09\u5c3a\u6709\u795e\u660e\uff0c\u5929\u7db2\u6062\u6062\uff0c\u758f\u800c\u4e0d\u6f0f\u3002\n\n\u8d81\u4f4f\u8a18\u61b6\u4ecd\u7336\u65b0\uff0c\u6211\u5e0c\u671b\u70ba\u66fe\u7d93\u53c3\u8207\u7684\u6848\u4ef6\u4f5c\u4e00\u500b\u6c38\u4e45\u7684\u7d00\u9304\u3002\n\n\u8b93\u6211\u5011\u4e00\u8d77\u53bb\u56de\u61b6\u6848\u4ef6\u80cc\u5f8c\u7684\u6545\u4e8b\uff0c\u4ea6\u8b93\u6211\u5011\u53bb\u63a2\u7d22\u3001\u53bb\u601d\u8003\u4eba\u6027\u7684\u5f31\u9ede\u3002\n""",,,UUAlVuubC3GE6kFFeNBEkoUQ
13,2024-10-26,UCKJx-AjPsu3nJuOhfDOvx-A,Assamese Mixture,"à¦¨à¦®à¦¸à§à¦•à¦¾à§° ,
à¦¬à¦¨à§à¦§à§/à¦¬à¦¾à¦¨à§à¦§à¦¬à§€ à¦¤à¦¥à¦¾ à¦…à¦¸à¦®à¦¬à¦¾à¦¸à§€ à§°à¦¾à¦‡à¦œ,
Assamese Mixture à¦à¦Ÿà¦¾ à¦¸à¦®à§à¦ªà§à§°à§à¦¨ à¦¬à§à¦¯à¦¤à¦¿à¦•à§à§°à¦®à§€ à¦‡à¦‰à¦Ÿà¦¿à¦‰à¦¬ à¦šà§‡à¦¨à§‡à¦² |
à¦†à¦®à¦¾à§° à¦à¦‡à¦Ÿà§‹ à¦šà§‡à¦¨à§‡à¦²à¦¤ à¦¸à¦®à§à¦ªà§à§°à§à¦¨ à¦ªà§à§°à¦•à§ƒà¦¤ à¦†à¦®à¦¿ à¦¬à¦¨à§‹à§±à¦¾ à¦…à¦¸à¦®à§€à§Ÿà¦¾ à¦¶à¦¿à¦²à§à¦ªà§€à§° à¦‡à¦¨à§à¦Ÿà¦¾à§°à¦­à¦¿à¦‰, à¦›à¦¬à¦¿à§° à¦¬à¦•à§à¦¸ à¦…à¦«à¦¿à¦š à¦¬à§à¦¯à§±à¦¸à¦¾à§Ÿ,à¦›à¦¬à¦¿à§° à¦–à¦¬à§° à¦‡à¦¤à§à¦¯à¦¾à¦¾à¦¦à¦¿ à¦­à¦¿à¦¡à¦¿à¦… à¦šà¦¾à¦¬à¦²à§ˆ à¦ªà¦¾à¦¬ |
à¦…à¦¨à§à¦—à§à§°à¦¹ à¦•à§°à¦¿ à¦šà§‡à¦¨à§‡à¦²à¦Ÿà§‹ Subscribe à¦•à§°à¦¿à¦¬ à¦¨à¦¾à¦ªà¦¾à¦¹à§°à¦¿à¦¬ |
à¦§à¦¨à§à¦¯à¦¬à¦¾à¦¦ |
My journey starts - 15 june 2017
This is best & one of the most popular channel for Assamese Star interview, Film news, box office prediction, Film review Youtube video, etc. 

Thank you

For business please mail - bhushan.sachin.akki@gmail.com",,,,@assamesemixture,2011-09-23T18:57:05Z,,IN,179413140,982000,0,1554,0.0,"""Assamese Mixture""","""\u09a8\u09ae\u09b8\u09cd\u0995\u09be\u09f0 ,\n\u09ac\u09a8\u09cd\u09a7\u09c1/\u09ac\u09be\u09a8\u09cd\u09a7\u09ac\u09c0 \u09a4\u09a5\u09be \u0985\u09b8\u09ae\u09ac\u09be\u09b8\u09c0 \u09f0\u09be\u0987\u099c,\nAssamese Mixture \u098f\u099f\u09be \u09b8\u09ae\u09cd\u09aa\u09c1\u09f0\u09cd\u09a8 \u09ac\u09cd\u09af\u09a4\u09bf\u0995\u09cd\u09f0\u09ae\u09c0 \u0987\u0989\u099f\u09bf\u0989\u09ac \u099a\u09c7\u09a8\u09c7\u09b2 |\n\u0986\u09ae\u09be\u09f0 \u098f\u0987\u099f\u09cb \u099a\u09c7\u09a8\u09c7\u09b2\u09a4 \u09b8\u09ae\u09cd\u09aa\u09c1\u09f0\u09cd\u09a8 \u09aa\u09cd\u09f0\u0995\u09c3\u09a4 \u0986\u09ae\u09bf \u09ac\u09a8\u09cb\u09f1\u09be \u0985\u09b8\u09ae\u09c0\u09df\u09be \u09b6\u09bf\u09b2\u09cd\u09aa\u09c0\u09f0 \u0987\u09a8\u09cd\u099f\u09be\u09f0\u09ad\u09bf\u0989, \u099b\u09ac\u09bf\u09f0 \u09ac\u0995\u09cd\u09b8 \u0985\u09ab\u09bf\u099a \u09ac\u09cd\u09af\u09f1\u09b8\u09be\u09df,\u099b\u09ac\u09bf\u09f0 \u0996\u09ac\u09f0 \u0987\u09a4\u09cd\u09af\u09be\u09be\u09a6\u09bf \u09ad\u09bf\u09a1\u09bf\u0985 \u099a\u09be\u09ac\u09b2\u09c8 \u09aa\u09be\u09ac |\n\u0985\u09a8\u09c1\u0997\u09cd\u09f0\u09b9 \u0995\u09f0\u09bf \u099a\u09c7\u09a8\u09c7\u09b2\u099f\u09cb Subscribe \u0995\u09f0\u09bf\u09ac \u09a8\u09be\u09aa\u09be\u09b9\u09f0\u09bf\u09ac |\n\u09a7\u09a8\u09cd\u09af\u09ac\u09be\u09a6 |\nMy journey starts - 15 june 2017\nThis is best & one of the most popular channel for Assamese Star interview, Film news, box office prediction, Film review Youtube video, etc. \n\nThank you\n\nFor business please mail - bhushan.sachin.akki@gmail.com""",,,UUKJx-AjPsu3nJuOhfDOvx-A
14,2024-10-26,UCUjgyvP7_O1sqO3Q-vVOrlA,Andy To,"NYC based Oakland raised filmmaker passionate about storytelling 
","""andy to"" ""travel adventures"" travel tech ""tech review"" cinematic ""iPhone cinematic"" ""mobile videography""",,,@andyto,2010-03-17T19:20:36Z,,US,27136329,257000,0,233,0.0,"""Andy To""","""NYC based Oakland raised filmmaker passionate about storytelling \n""",,,UUUjgyvP7_O1sqO3Q-vVOrlA
15,2024-10-26,UCTxyBu9VWUq5LXezXwy_SGg,é¦™æ¸¯01,"ã€Œç„¡ç¸«ï¼Œé€£ç¹«ç”Ÿæ´»ã€
 
ã€Šé¦™æ¸¯01ã€‹è‡´åŠ›æ§‹å»ºã€Œåª’é«” +ã€äº’è¯ç¶²ç”Ÿæ´»å¹³å°ï¼Œé€é60å¤šæ¢å…§å®¹é »é“ç‚ºè®€è€…æä¾›å³æ™‚å’Œå¤šå…ƒåŒ–çš„æ–°èè³‡è¨Šï¼Œä»¥åŠæ–¼å¤šå€‹ç”Ÿæ´»æœå‹™å¹³å°æä¾›å€‹äººåŒ–çš„äº’è¯ç¶²æœå‹™ã€‚é€šéå‰µæ–°ç§‘æŠ€çš„æ‡‰ç”¨ï¼Œæˆç‚ºé¦™æ¸¯äº’è¯ç¶²è¡Œæ¥­çš„å…ˆé©…å’Œé ˜å°è€…ã€‚

ã€Šé¦™æ¸¯01ã€‹ç‚ºæœªä¾†çš„é ˜å°è€…æä¾›æ™ºæ…§ã€æŠ€è¡“åŠè·æ¥­ç™¼å±•å¹³å°ç­‰ï¼Œç‚ºé¦™æ¸¯äº’è¯ç¶²è¡Œæ¥­å¸¶ä¾†é©å‘½æ€§çš„è®ŠåŒ–ã€‚è®“æˆ‘å€‘æ”œæ‰‹æ‰“ç ´ç¾åœ¨å’Œå‰µå»ºæœªä¾†çš„äº’è¯ç¶²ç”Ÿæ…‹ã€‚

HK01 aspires to build a â€œMedia +â€ internet lifestyle platform, which provides instant and diversified news & Lifestyle information in more than 60 channels, as well as personalized lifestyle services with multiple service platforms under the digital era for Hong Kong people. We are dedicated to becoming the pioneer and leader of the Hong Kong Internet industry through the application of innovative technology. 

HK01 provides future leaders with the intelligence, technology, human expertise and the career development platform they need to revolutionize the Internet industry in Hong Kong. Let's join hands to break new ground in the digital world for now and the future.
",é¦™æ¸¯01 HK01 æ¸¯è å¨›æ¨‚æ–°è é«”è‚² é£Ÿè­œ recipe æœ¬åœ°éŸ³æ¨‚ æ¸¯ç”¢ç‰‡ é¦™æ¸¯é›»å½± Kpop åœ‹éš› ä¸­åœ‹ é¦™æ¸¯æ–°è,,,@01official,2015-11-13T09:59:45Z,,HK,1284527270,736000,0,40579,0.0,"""\u9999\u6e2f01""","""\u300c\u7121\u7e2b\uff0c\u9023\u7e6b\u751f\u6d3b\u300d\n \n\u300a\u9999\u6e2f01\u300b\u81f4\u529b\u69cb\u5efa\u300c\u5a92\u9ad4 +\u300d\u4e92\u806f\u7db2\u751f\u6d3b\u5e73\u53f0\uff0c\u900f\u904e60\u591a\u689d\u5167\u5bb9\u983b\u9053\u70ba\u8b80\u8005\u63d0\u4f9b\u5373\u6642\u548c\u591a\u5143\u5316\u7684\u65b0\u805e\u8cc7\u8a0a\uff0c\u4ee5\u53ca\u65bc\u591a\u500b\u751f\u6d3b\u670d\u52d9\u5e73\u53f0\u63d0\u4f9b\u500b\u4eba\u5316\u7684\u4e92\u806f\u7db2\u670d\u52d9\u3002\u901a\u904e\u5275\u65b0\u79d1\u6280\u7684\u61c9\u7528\uff0c\u6210\u70ba\u9999\u6e2f\u4e92\u806f\u7db2\u884c\u696d\u7684\u5148\u9a45\u548c\u9818\u5c0e\u8005\u3002\n\n\u300a\u9999\u6e2f01\u300b\u70ba\u672a\u4f86\u7684\u9818\u5c0e\u8005\u63d0\u4f9b\u667a\u6167\u3001\u6280\u8853\u53ca\u8077\u696d\u767c\u5c55\u5e73\u53f0\u7b49\uff0c\u70ba\u9999\u6e2f\u4e92\u806f\u7db2\u884c\u696d\u5e36\u4f86\u9769\u547d\u6027\u7684\u8b8a\u5316\u3002\u8b93\u6211\u5011\u651c\u624b\u6253\u7834\u73fe\u5728\u548c\u5275\u5efa\u672a\u4f86\u7684\u4e92\u806f\u7db2\u751f\u614b\u3002\n\nHK01 aspires to build a \u201cMedia +\u201d internet lifestyle platform, which provides instant and diversified news & Lifestyle information in more than 60 channels, as well as personalized lifestyle services with multiple service platforms under the digital era for Hong Kong people. We are dedicated to becoming the pioneer and leader of the Hong Kong Internet industry through the application of innovative technology. \n\nHK01 provides future leaders with the intelligence, technology, human expertise and the career development platform they need to revolutionize the Internet industry in Hong Kong. Let's join hands to break new ground in the digital world for now and the future.\n""",,,UUTxyBu9VWUq5LXezXwy_SGg
16,2024-10-26,UCK3IOOEUXQT-dAl3jy-xkaw,Baka Gaijin,,,,,@bakagaijinn,2021-05-27T14:00:33.627265Z,,,71099425,939000,0,117,0.0,"""Baka Gaijin""","""""",,,UUK3IOOEUXQT-dAl3jy-xkaw
17,2024-10-26,UCCNjCOnlE0anpSqEQECmJIg,è§…é£ŸMeetfood,"æµ·å¤–ç¾é£Ÿæµ‹è¯„ï¼Œç¾é£Ÿçš„èƒŒåï¼Œæ˜¯æ–‡åŒ–å’Œæ•…äº‹ï¼
wxæœç´¢ã€Meetfoodè§…é£Ÿã€‘å…³æ³¨Meetfoodå®˜æ–¹å…¬ä¼—å·ï¼ŒåŠ å…¥æˆ‘çš„ç²‰ä¸ç¾¤ä¸€èµ·äº’åŠ¨è§£é”æ›´å¤šç¾é£Ÿã€æ–‡åŒ–å’Œæ•…äº‹ï½
Bilibilié¢‘é“ï¼šMeetFoodè§…é£Ÿ        
é“¾æ¥ï¼šhttps://space.bilibili.com/447317111

Instagramï¼šJoeJoe_meetfood  
é“¾æ¥ï¼šhttps://www.instagram.com/joejoe_meetfood/
","ç¾é£Ÿå®¶ ç¾å›½ç”Ÿæ´» ç¯çƒæ—…è¡Œ ""Food Tour"" æ¢åº— ç¾é£Ÿ ç¾å›½ç¾é£Ÿ ç¾å›½ç‰©ä»· è¡—å¤´ç¾é£Ÿ",,,@meetfoodtour,2019-08-14T00:46:06Z,,HK,84091711,371000,0,303,0.0,"""\u89c5\u98dfMeetfood""","""\u6d77\u5916\u7f8e\u98df\u6d4b\u8bc4\uff0c\u7f8e\u98df\u7684\u80cc\u540e\uff0c\u662f\u6587\u5316\u548c\u6545\u4e8b\uff01\nwx\u641c\u7d22\u3010Meetfood\u89c5\u98df\u3011\u5173\u6ce8Meetfood\u5b98\u65b9\u516c\u4f17\u53f7\uff0c\u52a0\u5165\u6211\u7684\u7c89\u4e1d\u7fa4\u4e00\u8d77\u4e92\u52a8\u89e3\u9501\u66f4\u591a\u7f8e\u98df\u3001\u6587\u5316\u548c\u6545\u4e8b\uff5e\nBilibili\u9891\u9053\uff1aMeetFood\u89c5\u98df        \n\u94fe\u63a5\uff1ahttps://space.bilibili.com/447317111\n\nInstagram\uff1aJoeJoe_meetfood  \n\u94fe\u63a5\uff1ahttps://www.instagram.com/joejoe_meetfood/\n""",,,UUCNjCOnlE0anpSqEQECmJIg
